序号,链接,节点数
0,https://gitlab.com/colloq168/nodefiltrate/-/raw/main/filtrate?ref_type=heads,0
1,https://raw.githubusercontent.com/Alvin9999/pac2/master/clash.meta2/1/config.yaml,0
2,https://raw.githubusercontent.com/Alvin9999/pac2/master/clash.meta2/13/config.yaml,0
3,https://raw.githubusercontent.com/Alvin9999/pac2/master/clash.meta2/15/config.yaml,0
4,https://raw.githubusercontent.com/Alvin9999/pac2/master/clash.meta2/2/config.yaml,0
5,https://raw.githubusercontent.com/Alvin9999/pac2/master/clash.meta2/config.yaml,0
6,https://raw.githubusercontent.com/Huibq/TrojanLinks/master/links/vmess,0
7,https://raw.githubusercontent.com/Surfboardv2ray/TGParse/main/python/hy2,0
8,https://raw.githubusercontent.com/Surfboardv2ray/TGParse/main/python/hysteria2,38
9,https://raw.githubusercontent.com/qjlxg/hy2/main/splitted/hy2,0
10,https://raw.githubusercontent.com/ripaojiedian/freenode/main/clash,18
11,https://raw.githubusercontent.com/ripaojiedian/freenode/main/sub,18
12,https://raw.githubusercontent.com/zhangkaiitugithub/passcro/main/speednodes.yaml,13
13,https://x7EWRq.mcsslk.xyz/1b3ce7776760b4e49430a4cdf5764ff2,0
14,https://zUh22P.absslk.xyz/ed75a04335379c29110225dc508d23f4,0
15,dynamic://peasoft,0

总计,,68
